itemsets,support
Peas,0.17
Butter,0.16233333333333333
Tomatoes,0.161
Beans,0.15933333333333333
Cheese,0.159
Toilet Paper,0.15666666666666668
Rice,0.15433333333333332
Soap,0.154
Pasta,0.154
Cereal,0.15266666666666667
